{"cameraMode":{"drawMode":0,"name":"Shaded","section":"Shading Mode"},"sceneLighting":true,"audioPlay":false,"sceneViewState":{"showFog":true,"showMaterialUpdate":false,"showSkybox":true,"showFlares":true,"showImageEffects":true,"showParticleSystems":true},"in2DMode":false,"pivot":{"x":104.06451416015625,"y":25.50553321838379,"z":90.19723510742188},"rotation":{"x":0.010899784974753857,"y":0.5345265865325928,"z":-0.006895317696034908,"w":0.8450532555580139},"size":3.8958523273468019,"orthographic":false}