{"cameraMode":{"drawMode":0,"name":"Shaded","section":"Shading Mode"},"sceneLighting":true,"audioPlay":false,"sceneViewState":{"showFog":true,"showMaterialUpdate":false,"showSkybox":true,"showFlares":true,"showImageEffects":true,"showParticleSystems":true},"in2DMode":false,"pivot":{"x":44.43357849121094,"y":19.452314376831056,"z":110.54351806640625},"rotation":{"x":-0.08589993417263031,"y":-0.7486096024513245,"z":0.09894096106290817,"w":-0.6499350070953369},"size":5.083460330963135,"orthographic":false}