{"cameraMode":{"drawMode":0,"name":"Shaded","section":"Shading Mode"},"sceneLighting":true,"audioPlay":false,"sceneViewState":{"showFog":true,"showMaterialUpdate":false,"showSkybox":true,"showFlares":true,"showImageEffects":true,"showParticleSystems":true},"in2DMode":false,"pivot":{"x":44.76176834106445,"y":21.57710075378418,"z":111.53070068359375},"rotation":{"x":0.1589861512184143,"y":0.3934353291988373,"z":-0.06927938014268875,"w":0.9028468132019043},"size":7.855173110961914,"orthographic":false}