{"cameraMode":{"drawMode":0,"name":"Shaded","section":"Shading Mode"},"sceneLighting":true,"audioPlay":false,"sceneViewState":{"showFog":true,"showMaterialUpdate":false,"showSkybox":true,"showFlares":true,"showImageEffects":true,"showParticleSystems":true},"in2DMode":false,"pivot":{"x":44.29524230957031,"y":20.98358726501465,"z":111.96321105957031},"rotation":{"x":0.26467031240463259,"y":-0.4637828469276428,"z":0.1474410891532898,"w":0.832535982131958},"size":3.149763345718384,"orthographic":false}