{"cameraMode":{"drawMode":0,"name":"Shaded","section":"Shading Mode"},"sceneLighting":true,"audioPlay":false,"sceneViewState":{"showFog":true,"showMaterialUpdate":false,"showSkybox":true,"showFlares":true,"showImageEffects":true,"showParticleSystems":true},"in2DMode":false,"pivot":{"x":44.646873474121097,"y":21.243064880371095,"z":111.26072692871094},"rotation":{"x":0.4357287883758545,"y":-0.1405438780784607,"z":0.06909231841564179,"w":0.8863487839698792},"size":2.8497633934020998,"orthographic":false}