{"cameraMode":{"drawMode":0,"name":"Shaded","section":"Shading Mode"},"sceneLighting":false,"audioPlay":false,"sceneViewState":{"showFog":true,"showMaterialUpdate":false,"showSkybox":false,"showFlares":true,"showImageEffects":true,"showParticleSystems":true},"in2DMode":false,"pivot":{"x":128.0,"y":25.0736083984375,"z":127.42152404785156},"rotation":{"x":0.16014926135540009,"y":-0.6786972284317017,"z":0.15534088015556336,"w":0.6997081637382507},"size":104.29051971435547,"orthographic":false}