{"cameraMode":{"drawMode":0,"name":"Shaded","section":"Shading Mode"},"sceneLighting":true,"audioPlay":false,"sceneViewState":{"showFog":true,"showMaterialUpdate":false,"showSkybox":true,"showFlares":true,"showImageEffects":true,"showParticleSystems":true},"in2DMode":false,"pivot":{"x":158.89999389648438,"y":28.600000381469728,"z":154.1999969482422},"rotation":{"x":-0.013059921562671662,"y":-0.42082926630973818,"z":0.006060764193534851,"w":-0.9070256948471069},"size":17.95924949645996,"orthographic":true}