{"cameraMode":{"drawMode":0,"name":"Shaded","section":"Shading Mode"},"sceneLighting":true,"audioPlay":false,"sceneViewState":{"showFog":true,"showMaterialUpdate":false,"showSkybox":true,"showFlares":true,"showImageEffects":true,"showParticleSystems":true},"in2DMode":false,"pivot":{"x":45.12766647338867,"y":21.240737915039064,"z":110.99253845214844},"rotation":{"x":-0.145212322473526,"y":-0.09424339979887009,"z":0.013897616416215897,"w":-0.9848037958145142},"size":8.002711296081543,"orthographic":false}