{"cameraMode":{"drawMode":0,"name":"Shaded","section":"Shading Mode"},"sceneLighting":false,"audioPlay":false,"sceneViewState":{"showFog":true,"showMaterialUpdate":false,"showSkybox":false,"showFlares":true,"showImageEffects":true,"showParticleSystems":true},"in2DMode":false,"pivot":{"x":-0.10114896297454834,"y":1.0928623676300049,"z":0.08359032869338989},"rotation":{"x":0.06891735643148422,"y":-0.9212091565132141,"z":0.19144856929779054,"w":0.3316195011138916},"size":4.754056453704834,"orthographic":false}