{"cameraMode":{"drawMode":0,"name":"Shaded","section":"Shading Mode"},"sceneLighting":true,"audioPlay":false,"sceneViewState":{"showFog":true,"showMaterialUpdate":false,"showSkybox":true,"showFlares":true,"showImageEffects":true,"showParticleSystems":true},"in2DMode":false,"pivot":{"x":64.5171890258789,"y":22.849576950073243,"z":112.46507263183594},"rotation":{"x":-0.007102854084223509,"y":0.9916858673095703,"z":-0.06286977231502533,"w":-0.11205459386110306},"size":5.4206647872924809,"orthographic":false}