{"cameraMode":{"drawMode":0,"name":"Shaded","section":"Shading Mode"},"sceneLighting":false,"audioPlay":false,"sceneViewState":{"showFog":true,"showMaterialUpdate":false,"showSkybox":false,"showFlares":true,"showImageEffects":true,"showParticleSystems":true},"in2DMode":false,"pivot":{"x":-6.984919309616089e-9,"y":0.0006197579205036163,"z":0.020003139972686769},"rotation":{"x":0.012626880779862404,"y":0.9735439419746399,"z":-0.05555226653814316,"w":0.22128427028656007},"size":0.9691802263259888,"orthographic":false}