{"cameraMode":{"drawMode":0,"name":"Shaded","section":"Shading Mode"},"sceneLighting":false,"audioPlay":false,"sceneViewState":{"showFog":true,"showMaterialUpdate":false,"showSkybox":false,"showFlares":true,"showImageEffects":true,"showParticleSystems":true},"in2DMode":false,"pivot":{"x":0.4504389464855194,"y":0.18890416622161866,"z":0.5003031492233276},"rotation":{"x":0.012626880779862404,"y":0.9735439419746399,"z":-0.05555226653814316,"w":0.22128427028656007},"size":7.876739501953125,"orthographic":false}