{"cameraMode":{"drawMode":0,"name":"Shaded","section":"Shading Mode"},"sceneLighting":true,"audioPlay":false,"sceneViewState":{"showFog":true,"showMaterialUpdate":false,"showSkybox":true,"showFlares":true,"showImageEffects":true,"showParticleSystems":true},"in2DMode":false,"pivot":{"x":45.113887786865237,"y":22.39387321472168,"z":108.71800994873047},"rotation":{"x":-0.18430368602275849,"y":0.4478076100349426,"z":-0.09489147365093231,"w":-0.8697678446769714},"size":0.945234477519989,"orthographic":false}