{"cameraMode":{"drawMode":0,"name":"Shaded","section":"Shading Mode"},"sceneLighting":true,"audioPlay":false,"sceneViewState":{"showFog":true,"showMaterialUpdate":false,"showSkybox":true,"showFlares":true,"showImageEffects":true,"showParticleSystems":true},"in2DMode":false,"pivot":{"x":44.77342987060547,"y":22.95833969116211,"z":109.29888916015625},"rotation":{"x":-0.018064893782138826,"y":0.8835545778274536,"z":0.03420047089457512,"w":0.4667282998561859},"size":1.8304786682128907,"orthographic":false}