{"cameraMode":{"drawMode":0,"name":"Shaded","section":"Shading Mode"},"sceneLighting":false,"audioPlay":false,"sceneViewState":{"showFog":true,"showMaterialUpdate":false,"showSkybox":false,"showFlares":true,"showImageEffects":true,"showParticleSystems":true},"in2DMode":false,"pivot":{"x":42.380001068115237,"y":23.763999938964845,"z":136.8692169189453},"rotation":{"x":-0.2367892861366272,"y":-0.07017672061920166,"z":0.017155630514025689,"w":-0.9688714146614075},"size":2.9535417556762697,"orthographic":true}