{"cameraMode":{"drawMode":0,"name":"Shaded","section":"Shading Mode"},"sceneLighting":true,"audioPlay":false,"sceneViewState":{"showFog":true,"showMaterialUpdate":false,"showSkybox":true,"showFlares":true,"showImageEffects":true,"showParticleSystems":true},"in2DMode":false,"pivot":{"x":80.7822494506836,"y":28.647441864013673,"z":194.19053649902345},"rotation":{"x":-0.2367892861366272,"y":-0.07017672061920166,"z":0.017155630514025689,"w":-0.9688714146614075},"size":51.573177337646487,"orthographic":true}